<?xml version="1.0" encoding="UTF-8"?>
<beans xmlns="http://www.springframework.org/schema/beans"
	xmlns:xsi="http://www.w3.org/2001/XMLSchema-instance"
	xmlns:context="http://www.springframework.org/schema/context"
	xmlns:p="http://www.springframework.org/schema/p"
	xmlns:c="http://www.springframework.org/schema/c"
	xsi:schemaLocation="http://www.springframework.org/schema/beans http://www.springframework.org/schema/beans/spring-beans.xsd
		http://www.springframework.org/schema/context http://www.springframework.org/schema/context/spring-context-4.1.xsd">


	<context:annotation-config />
	<context:component-scan base-package="com" />

	<!-- Controller에서 View로 연결 -->
	<bean id="viewResolver"
		class="org.springframework.web.servlet.view.UrlBasedViewResolver">
		<property name="viewClass"
			value="org.springframework.web.servlet.view.JstlView" />
		<property name="prefix" value="/WEB-INF/view/jsp/" />
		<!--/WEB-INF/view/customer/result.jsp -->
		<property name="suffix" value=".jsp" />
	</bean>

	<!-- DB Connection, dbcp -->
	<bean id="dataSource"
		class="org.springframework.jdbc.datasource.SimpleDriverDataSource"
		p:driverClass="com.mysql.cj.jdbc.Driver"
		p:url="jdbc:mysql://localhost:3306/yoondb?characterEncoding=UTF-8&amp;serverTimezone=UTC"
		p:username="root" p:password="1121" />


	<!-- myBatis -->
	<bean id="" class="org.mybatis.spring.SqlSessionFactoryBean">
		<property name="dataSource" ref="dataSource" />
		<property name="configLocation"
			value="classpath:mybatis-config.xml" />
		<property name="transactionFactory">
			<bean
				class="org.mybatis.spring.transaction.SpringManagedTransactionFactory"></bean>

		</property>
	</bean>

	<!-- 업로드 패스 설정 -->
	<bean class="java.lang.String" id="uploadPath">
		<constructor-arg
			value="C:\Users\yesha\Desktop\코딩 공부\멀캠\Back\LearnBack\backendMiniProject\src\main\webapp\resources" />
	</bean>

	<bean
		class="org.springframework.web.multipart.commons.CommonsMultipartResolver"
		id="multipartResolver">
		<property name="maxUploadSize" value="30485760" />
	</bean>


</beans>

