<?xml version="1.0" encoding="UTF-8"?>
<beans xmlns="http://www.springframework.org/schema/beans"
    xmlns:xsi="http://www.w3.org/2001/XMLSchema-instance"
    xsi:schemaLocation="http://www.springframework.org/schema/beans
        https://www.springframework.org/schema/beans/spring-beans.xsd">



    <bean id="mi" class="com.sample1.MessageImpl" />
      
    <bean id="mi02" class="com.sample1.MessageImpl">
    
    	<constructor-arg>
    		<value>mango</value>
    	</constructor-arg>
    	<constructor-arg>
    		<value>7000</value>
    	</constructor-arg>
    </bean>  
    
    <bean id="exampleBean" class="com.sample1.ExampleBean">
	    <constructor-arg type="int" value="7500000"/>
	    <constructor-arg type="java.lang.String" value="42" index="1"/>
	</bean>
    



</beans>

