<?xml version="1.0" encoding="UTF-8"?>
<beans xmlns="http://www.springframework.org/schema/beans"
	xmlns:xsi="http://www.w3.org/2001/XMLSchema-instance" xmlns:context="http://www.springframework.org/schema/context"
	xsi:schemaLocation="http://www.springframework.org/schema/beans http://www.springframework.org/schema/beans/spring-beans-4.3.xsd
		http://www.springframework.org/schema/context http://www.springframework.org/schema/context/spring-context-4.3.xsd">
<context:annotation-config/>
<context:component-scan base-package="controller" />
<context:component-scan base-package="validate" />

<bean id="viewResolver"  
class="org.springframework.web.servlet.view.UrlBasedViewResolver">
	<property name="viewClass" value="org.springframework.web.servlet.view.JstlView"/>      
    <property name="prefix" value="/WEB-INF/view/"/>  
    <property name="suffix" value=".jsp"/>  
    <property name="contentType" value="text/html; charset=UTF-8"/>
</bean>


<bean id="multipartResolver"   
           class="org.springframework.web.multipart.commons.CommonsMultipartResolver">
	<property name="maxUploadSize"  value="5242880" />  
	<property name="defaultEncoding" value="UTF-8" />         
</bean>          
           
</beans>










