<?xml version="1.0" encoding="UTF-8"?>
<!DOCTYPE mapper PUBLIC "-//mybatis.org//DTD Mapper 3.0//EN" 
"http://mybatis.org/dtd/mybatis-3-mapper.dtd">

<mapper namespace="mapper">

	<insert id="insertMember" parameterType="member">
		insert
		into memberDB(name,id,pw,tel,address,email,birth,age,sex)
		values(#{name},#{id},#{pw},#{tel},#{address},#{email},#{birth},#{age},#{sex})
	</insert>

	<select id="selectMember" resultType="member">
		select * from memberDB
	</select>

	<select id="findMember" parameterType="java.lang.String"
		resultType="member">
		select *
		from memberDB
		where id=#{id}
	</select>

	<delete id="deleteMember" parameterType="java.lang.String">
		delete
		from memberDB
		where id=#{id}
	</delete>

	<update id="updateMember" parameterType="member">
		update memberDB
		set
		name=#{name}, id=#{id}, pw=#{pw},
		tel=#{tel}, address=#{address},
		email=#{email}, birth=#{birth},
		age=#{age}, sex=#{sex}
		where id=#{id}
	</update>
	

	
	
	<insert id="insertProduct" parameterType="product">
		insert
		into productDB(pdName,pdPrice,pdStock,pdDetail)
		values(#{pdName},#{pdPrice},#{pdStock},#{pdDetail})
	</insert>

	<select id="selectProduct" resultType="product">
		select * from productDB
	</select>

	<select id="selectDetailProduct" parameterType="java.lang.String"
		resultType="product">
		select *
		from productDB
		where pdName=#{pdName}
	</select>
	
	<select id="findProduct" parameterType="java.lang.String"
		resultType="product">
		select *
		from productDB
		where pdCode=#{pdCode}
	</select>

	<delete id="deleteProduct" parameterType="java.lang.String">
		delete
		from productDB
		where pdCode=#{pdCode}
	</delete>

	<update id="updateProduct" parameterType="product">
		update productDB
		set
		pdName=#{pdName}, pdPrice=#{pdPrice}, pdStock=#{pdStock},
		pdDetail=#{pdDetail}
		where pdCode=#{pdCode}
	</update>



</mapper>


