<?xml version="1.0" encoding="UTF-8"?>
<beans xmlns="http://www.springframework.org/schema/beans"
    xmlns:xsi="http://www.w3.org/2001/XMLSchema-instance"
    xsi:schemaLocation="http://www.springframework.org/schema/beans
        https://www.springframework.org/schema/beans/spring-beans.xsd">
        
<!-- 1. Address의 기본 생성자 생성 -->
<bean id = "myaddr01" class="com.sample2.Address"/>

<!-- @@@@@@@에러@@@@@@@@2 -->
<!-- 2. Address의 매개인자 생성자 생성 -->
<bean id = "myaddr02" class="com.sample2.Address">
   <constructor-arg index="0" type="String" value="홍길동"/>
   <constructor-arg index="1" type="java.lang.String" value="서울시" />
   <constructor-arg index="2" value="02-0000"/>
</bean>        

<!-- 3. Address의 setter로 값 전달을 해보자 최길동, 서초구, 02-1111 -->
<bean id = "myaddr03" class="com.sample2.Address">
	<property name="name" value="최길동"/>
	<property name="addr" value="서초구"/>
	<property name="tel" value="02-1111"/>
</bean>

<!-- 4. ListAddress의 기본 생성자로 객체를 선언  -->
<bean id = "mylist01" class="com.sample2.ListAddress"/>

<!-- 5. ListAddress의 setter를 가지고 최길동 객체를 매개인자로 전달하자 -->
<bean id = "mylist02" class="com.sample2.ListAddress">
	<property name="addr" ref="myaddr03"/>
</bean>

<!-- @@@@@@@에러@@@@@@@@2 -->
<!-- 6. ListAddress의 생성자로 Address의 홍길동 객체를 매개인자로 전달하자 -->
<bean id = "mylist03" class="com.sample2.ListAddress">
	<constructor-arg ref="myaddr02"/>
</bean>

<!-- 7. ListAddress의 생성자로 Address 값을 이너로 내부 선언 후 값 전달 777 777 777 -->
<bean id = "mylist04" class="com.sample2.ListAddress">
	<constructor-arg>
		<bean id="myaddr04" class="com.sample2.Address">
			<property name="name" value="777"/>
			<property name="addr" value="777"/>
			<property name="tel" value="777"/>
		</bean>
	</constructor-arg>
</bean>


</beans>